Bill Amount,Tips
230,6.900000000000012
5000,149.99999999999994
678,20.340000000000007
9008,270.2399999999999
